frame,timestamp,tracked_count,object_ids,object_colors
1,0.034,5,1|2|3|4|5,灰色|黑色|红色|黑色|红色
2,0.068,5,1|2|3|4|5,灰色|黑色|红色|黑色|红色
3,0.102,4,1|2|3|4,灰色|黑色|红色|黑色
4,0.136,4,1|2|3|4,灰色|黑色|红色|黑色
5,0.169,4,1|2|3|4,灰色|黑色|红色|黑色
6,0.203,4,1|2|3|4,灰色|黑色|红色|黑色
7,0.237,5,1|2|3|4|6,灰色|黑色|红色|黑色|黑色
8,0.271,4,1|2|4|6,灰色|黑色|黑色|黑色
9,0.305,4,1|2|4|6,灰色|黑色|黑色|黑色
10,0.339,4,1|2|4|6,灰色|黑色|黑色|黑色
11,0.373,4,1|2|4|6,灰色|黑色|黑色|黑色
12,0.407,4,1|2|4|6,灰色|黑色|黑色|黑色
13,0.44,5,1|2|4|6|7,灰色|黑色|黑色|黑色|红色
14,0.474,5,1|2|4|6|7,灰色|黑色|黑色|黑色|红色
15,0.508,4,1|2|6|7,灰色|黑色|黑色|红色
16,0.542,4,1|2|6|7,灰色|黑色|黑色|红色
17,0.576,5,1|2|6|7|8,灰色|黑色|黑色|红色|红色
18,0.61,4,2|6|7|8,黑色|黑色|红色|红色
19,0.644,4,2|6|7|8,黑色|黑色|红色|红色
20,0.678,4,2|6|7|8,黑色|黑色|红色|红色
21,0.711,4,2|6|7|8,黑色|黑色|红色|红色
22,0.745,4,2|6|7|8,黑色|黑色|红色|红色
23,0.779,6,2|6|7|8|9|4,黑色|黑色|红色|红色|红色|红色
24,0.813,6,2|6|7|8|9|4,黑色|黑色|红色|红色|红色|红色
25,0.847,5,2|6|8|9|4,黑色|黑色|红色|红色|红色
26,0.881,5,2|6|8|9|4,黑色|黑色|红色|红色|红色
27,0.915,5,2|6|8|9|4,黑色|黑色|红色|红色|红色
28,0.949,4,2|6|8|9,黑色|黑色|红色|红色
29,0.982,6,2|6|8|9|10|11,黑色|黑色|红色|红色|黑色|黑色
30,1.016,5,6|8|9|10|11,黑色|红色|红色|黑色|黑色
31,1.05,5,6|8|9|10|11,黑色|红色|红色|黑色|黑色
32,1.084,5,6|8|9|10|11,黑色|红色|红色|黑色|黑色
33,1.118,5,6|8|9|10|11,黑色|红色|红色|黑色|黑色
34,1.152,5,6|8|9|10|11,黑色|红色|红色|黑色|黑色
35,1.186,5,6|8|9|10|11,黑色|红色|红色|黑色|黑色
36,1.22,6,6|8|9|10|11|4,黑色|红色|红色|黑色|黑色|红色
37,1.253,5,6|8|9|11|4,黑色|红色|红色|黑色|红色
38,1.287,4,6|8|9|11,黑色|红色|红色|黑色
39,1.321,5,6|8|9|11|4,黑色|红色|红色|黑色|红色
40,1.355,4,6|8|9|11,黑色|红色|红色|黑色
41,1.389,5,6|8|9|11|4,黑色|红色|红色|黑色|红色
42,1.423,6,6|8|9|11|12|4,黑色|红色|红色|黑色|红色|红色
43,1.457,6,6|8|9|11|12|4,黑色|红色|红色|黑色|红色|红色
44,1.491,6,6|8|9|11|12|4,黑色|红色|红色|黑色|红色|红色
45,1.525,6,6|8|9|11|12|4,黑色|红色|红色|黑色|红色|红色
46,1.558,6,6|8|9|11|12|4,黑色|红色|红色|黑色|红色|红色
47,1.592,6,6|8|9|11|12|4,黑色|红色|红色|黑色|红色|红色
48,1.626,5,6|9|11|12|4,黑色|红色|黑色|红色|红色
49,1.66,4,6|9|11|4,黑色|红色|黑色|红色
50,1.694,4,6|9|11|4,黑色|红色|黑色|红色
51,1.728,4,6|9|11|4,黑色|红色|黑色|红色
52,1.762,4,6|9|11|4,黑色|红色|黑色|红色
53,1.796,4,6|9|11|4,黑色|红色|黑色|红色
54,1.829,4,6|9|11|4,黑色|红色|黑色|红色
55,1.863,4,6|9|11|4,黑色|红色|黑色|红色
56,1.897,5,6|9|11|4|13,黑色|红色|黑色|红色|红色
57,1.931,6,6|9|11|4|13|14,黑色|红色|黑色|红色|红色|黑色
58,1.965,5,6|11|4|13|14,黑色|黑色|红色|红色|黑色
59,1.999,5,6|11|4|13|14,黑色|红色|红色|红色|黑色
60,2.033,4,6|11|13|14,黑色|红色|红色|黑色
61,2.067,4,6|11|13|14,黑色|红色|红色|黑色
62,2.1,4,6|11|13|14,黑色|红色|红色|黑色
63,2.134,4,6|11|13|14,黑色|红色|红色|黑色
64,2.168,4,6|11|13|14,黑色|红色|红色|黑色
65,2.202,4,6|11|13|14,黑色|红色|红色|黑色
66,2.236,4,6|11|13|14,黑色|红色|红色|黑色
67,2.27,3,6|11|13,黑色|红色|红色
68,2.304,3,6|11|13,黑色|红色|红色
69,2.338,3,6|11|13,黑色|红色|红色
70,2.371,4,6|11|13|15,黑色|红色|红色|红色
71,2.405,4,6|11|13|15,黑色|红色|红色|红色
72,2.439,4,6|11|13|15,黑色|红色|红色|红色
73,2.473,3,6|13|15,黑色|红色|红色
74,2.507,2,6|15,黑色|红色
75,2.541,4,6|15|16|14,黑色|红色|灰色|黑色
76,2.575,4,6|15|16|14,黑色|红色|灰色|黑色
77,2.609,4,6|15|16|14,黑色|红色|灰色|黑色
78,2.643,4,6|15|16|14,黑色|红色|灰色|黑色
79,2.676,4,6|15|16|14,黑色|红色|灰色|黑色
80,2.71,4,6|15|16|14,黑色|红色|灰色|黑色
81,2.744,5,6|15|16|14|13,黑色|红色|灰色|黑色|红色
82,2.778,4,6|15|16|13,黑色|红色|灰色|红色
83,2.812,4,6|15|16|13,黑色|红色|灰色|红色
84,2.846,4,6|15|13|17,黑色|红色|红色|灰色
85,2.88,4,6|15|13|17,黑色|红色|红色|灰色
86,2.914,4,6|15|13|17,黑色|红色|红色|灰色
87,2.947,4,6|15|13|17,黑色|红色|红色|灰色
88,2.981,5,6|15|13|17|16,黑色|红色|红色|灰色|灰色
89,3.015,5,6|15|13|17|16,黑色|红色|红色|灰色|灰色
90,3.049,4,15|13|17|16,红色|红色|灰色|灰色
91,3.083,4,15|13|17|16,红色|红色|灰色|灰色
92,3.117,4,15|13|17|16,红色|红色|灰色|灰色
93,3.151,3,15|13|17,红色|红色|灰色
94,3.185,3,15|13|17,红色|红色|灰色
95,3.218,3,15|13|17,红色|红色|灰色
96,3.252,3,15|13|17,红色|红色|灰色
97,3.286,3,15|13|17,红色|红色|灰色
98,3.32,3,15|13|17,红色|红色|灰色
99,3.354,3,15|13|17,红色|红色|灰色
100,3.388,4,15|13|17|16,红色|红色|灰色|灰色
101,3.422,3,15|13|16,红色|红色|灰色
102,3.456,4,15|13|16|20,红色|红色|灰色|黑色
103,3.489,4,15|13|16|20,红色|红色|灰色|黑色
104,3.523,5,15|13|16|20|21,红色|红色|灰色|黑色|黑色
105,3.557,5,15|13|16|20|21,红色|红色|灰色|黑色|黑色
106,3.591,4,15|16|20|21,红色|灰色|黑色|黑色
107,3.625,4,15|16|20|21,红色|灰色|黑色|黑色
108,3.659,4,15|16|20|21,红色|灰色|黑色|黑色
109,3.693,3,15|16|21,红色|灰色|黑色
110,3.727,3,15|16|21,红色|灰色|黑色
111,3.76,3,15|16|21,红色|灰色|黑色
112,3.794,4,15|16|21|22,红色|灰色|黑色|灰色
113,3.828,4,15|16|21|22,红色|灰色|黑色|灰色
114,3.862,4,15|16|21|22,红色|灰色|黑色|灰色
115,3.896,4,15|16|21|22,红色|灰色|黑色|灰色
116,3.93,3,15|21|22,红色|黑色|灰色
117,3.964,3,15|21|22,红色|黑色|灰色
118,3.998,4,15|21|22|20,红色|黑色|灰色|黑色
119,4.032,4,15|21|22|20,红色|黑色|灰色|黑色
120,4.065,4,15|21|22|20,红色|黑色|灰色|黑色
121,4.099,4,15|21|22|20,红色|黑色|灰色|黑色
122,4.133,6,15|21|22|20|23|16,红色|黑色|灰色|黑色|红色|灰色
123,4.167,6,15|21|22|20|23|16,红色|黑色|灰色|黑色|红色|灰色
124,4.201,6,15|21|22|20|23|16,红色|黑色|灰色|黑色|红色|灰色
125,4.235,5,15|21|22|20|16,红色|黑色|灰色|黑色|灰色
126,4.269,5,15|21|22|20|16,红色|黑色|灰色|黑色|灰色
127,4.303,5,15|21|22|20|16,红色|黑色|灰色|黑色|灰色
128,4.336,4,15|21|22|16,红色|黑色|灰色|灰色
129,4.37,4,15|21|22|16,红色|黑色|灰色|灰色
130,4.404,4,21|22|16|23,黑色|灰色|灰色|红色
131,4.438,5,21|22|16|24|23,黑色|灰色|灰色|灰色|红色
132,4.472,5,21|22|16|24|23,黑色|灰色|灰色|灰色|红色
133,4.506,5,21|22|16|24|23,黑色|灰色|灰色|灰色|红色
134,4.54,5,21|22|16|24|23,黑色|灰色|灰色|灰色|红色
135,4.574,5,21|22|16|24|23,黑色|灰色|灰色|灰色|红色
136,4.607,5,21|22|16|24|23,黑色|灰色|灰色|灰色|红色
137,4.641,5,21|22|16|24|23,黑色|灰色|灰色|灰色|红色
138,4.675,5,21|22|16|24|23,黑色|灰色|灰色|灰色|红色
139,4.709,4,21|16|24|23,黑色|灰色|灰色|红色
140,4.743,4,21|16|24|23,黑色|灰色|灰色|红色
141,4.777,4,21|16|24|23,黑色|灰色|灰色|红色
142,4.811,4,21|16|24|23,黑色|灰色|灰色|红色
143,4.845,4,21|16|24|23,黑色|灰色|灰色|红色
144,4.878,4,21|16|24|23,黑色|灰色|灰色|红色
145,4.912,3,21|24|23,黑色|灰色|红色
146,4.946,3,21|24|23,黑色|灰色|红色
147,4.98,3,21|24|23,黑色|灰色|红色
148,5.014,3,21|24|23,黑色|灰色|红色
149,5.048,3,21|24|23,黑色|灰色|红色
150,5.082,3,21|24|23,黑色|灰色|红色
151,5.116,4,21|24|23|16,黑色|灰色|红色|黑色
152,5.15,5,21|24|23|16|20,黑色|灰色|红色|黑色|黑色
153,5.183,4,21|23|16|20,黑色|红色|黑色|黑色
154,5.217,4,21|23|16|20,黑色|红色|黑色|黑色
155,5.251,4,21|23|16|20,黑色|红色|黑色|黑色
156,5.285,4,21|23|16|20,黑色|红色|黑色|黑色
157,5.319,4,21|23|16|20,黑色|红色|黑色|黑色
158,5.353,3,21|16|20,黑色|黑色|黑色
159,5.387,3,21|16|20,黑色|黑色|黑色
160,5.421,3,21|16|20,黑色|黑色|黑色
161,5.454,3,21|16|20,黑色|黑色|黑色
162,5.488,3,21|16|20,黑色|黑色|黑色
163,5.522,3,21|16|20,黑色|黑色|黑色
164,5.556,4,21|16|20|23,黑色|黑色|黑色|红色
165,5.59,4,21|16|20|23,黑色|黑色|黑色|红色
166,5.624,4,21|16|20|23,黑色|黑色|黑色|红色
167,5.658,3,16|20|23,黑色|黑色|红色
168,5.692,3,16|20|23,黑色|黑色|红色
169,5.725,3,16|20|23,黑色|黑色|红色
170,5.759,3,16|20|23,黑色|黑色|红色
171,5.793,2,16|20,黑色|黑色
172,5.827,2,16|20,黑色|黑色
173,5.861,2,16|20,黑色|黑色
174,5.895,2,16|20,黑色|黑色
175,5.929,3,16|20|26,黑色|黑色|青色
176,5.963,3,16|20|26,黑色|黑色|青色
177,5.996,3,16|20|26,黑色|黑色|青色
178,6.03,3,16|20|23,黑色|黑色|红色
179,6.064,4,16|20|23|24,黑色|黑色|红色|灰色
180,6.098,4,16|20|23|24,黑色|黑色|红色|灰色
181,6.132,4,16|20|23|24,红色|黑色|红色|灰色
182,6.166,4,16|20|23|24,红色|红色|红色|灰色
183,6.2,4,16|20|23|24,红色|红色|红色|灰色
184,6.234,4,16|20|23|24,红色|红色|红色|灰色
185,6.267,4,16|20|23|24,红色|红色|红色|灰色
186,6.301,6,16|20|23|24|28|26,红色|红色|红色|灰色|红色|蓝色
187,6.335,5,20|23|24|28|26,红色|红色|灰色|红色|蓝色
188,6.369,4,20|23|28|26,红色|红色|红色|蓝色
189,6.403,3,20|23|28,红色|红色|红色
190,6.437,4,20|23|28|26,红色|红色|红色|红色
191,6.471,4,20|23|28|26,红色|红色|红色|红色
192,6.505,3,20|23|28,红色|红色|红色
193,6.539,3,20|23|28,红色|红色|红色
194,6.572,4,20|23|28|29,红色|红色|红色|黑色
195,6.606,4,20|23|28|29,红色|红色|红色|黑色
196,6.64,4,20|23|28|29,红色|红色|红色|黑色
197,6.674,4,20|23|28|29,红色|红色|红色|黑色
198,6.708,5,20|23|28|29|30,红色|红色|红色|黑色|黑色
199,6.742,5,20|23|28|29|30,红色|红色|红色|黑色|黑色
200,6.776,5,20|23|28|29|30,红色|红色|红色|黑色|黑色
201,6.81,5,20|23|28|29|24,红色|红色|红色|黑色|灰色
202,6.843,5,20|23|28|29|24,红色|红色|红色|黑色|灰色
203,6.877,5,20|23|28|29|24,红色|红色|红色|黑色|灰色
204,6.911,5,20|23|28|29|24,红色|红色|红色|黑色|灰色
205,6.945,5,20|23|28|29|24,红色|红色|红色|黑色|灰色
206,6.979,6,20|23|28|29|24|32,红色|红色|红色|黑色|灰色|黑色
207,7.013,6,20|23|28|29|24|32,红色|红色|红色|黑色|灰色|黑色
208,7.047,6,20|23|28|29|24|32,红色|红色|红色|黑色|灰色|黑色
209,7.081,5,20|28|29|24|32,红色|红色|黑色|灰色|黑色
210,7.114,6,20|28|29|24|32|33,红色|红色|黑色|灰色|黑色|黑色
211,7.148,6,20|28|29|24|32|33,红色|红色|黑色|灰色|黑色|黑色
212,7.182,6,20|28|29|24|32|33,红色|红色|黑色|灰色|黑色|黑色
213,7.216,5,28|29|24|33|23,红色|黑色|灰色|黑色|红色
214,7.25,5,28|29|24|33|23,红色|黑色|灰色|黑色|红色
215,7.284,5,28|29|24|33|23,红色|黑色|灰色|黑色|红色
216,7.318,4,28|29|24|33,红色|黑色|灰色|黑色
217,7.352,4,28|29|24|33,红色|黑色|灰色|黑色
218,7.385,5,28|29|24|33|34,红色|黑色|灰色|黑色|灰色
219,7.419,5,28|29|24|33|34,红色|黑色|灰色|黑色|灰色
220,7.453,5,28|29|24|33|34,红色|黑色|灰色|黑色|灰色
221,7.487,5,28|29|24|33|34,红色|黑色|灰色|黑色|灰色
222,7.521,5,28|29|24|33|34,红色|黑色|灰色|黑色|灰色
223,7.555,5,28|29|24|33|34,红色|黑色|灰色|黑色|灰色
224,7.589,6,28|29|24|33|34|35,红色|黑色|灰色|黑色|灰色|红色
225,7.623,6,28|29|24|33|35|32,红色|黑色|灰色|黑色|红色|黑色
226,7.656,6,28|29|24|33|35|32,红色|黑色|灰色|黑色|红色|黑色
227,7.69,6,28|29|24|33|35|32,红色|黑色|灰色|黑色|红色|黑色
228,7.724,5,28|29|24|35|32,红色|黑色|灰色|红色|黑色
229,7.758,5,28|29|24|35|32,红色|黑色|灰色|红色|黑色
230,7.792,6,28|29|24|35|32|36,红色|黑色|灰色|红色|黑色|黑色
231,7.826,6,28|29|24|35|32|36,红色|黑色|黑色|红色|黑色|黑色
232,7.86,6,28|29|24|35|32|36,红色|黑色|黑色|红色|黑色|黑色
233,7.894,6,28|29|24|35|32|36,红色|黑色|黑色|红色|黑色|黑色
234,7.928,5,28|29|24|35|32,红色|黑色|黑色|红色|黑色
235,7.961,5,28|29|24|35|32,红色|黑色|黑色|红色|黑色
236,7.995,5,28|29|24|35|32,红色|黑色|黑色|红色|黑色
237,8.029,4,28|29|24|32,红色|黑色|黑色|黑色
238,8.063,4,28|29|24|32,红色|黑色|黑色|黑色
239,8.097,5,28|29|24|32|36,红色|黑色|黑色|黑色|黑色
240,8.131,5,28|29|24|32|36,红色|黑色|黑色|黑色|黑色
241,8.165,6,28|29|24|32|36|37,红色|黑色|黑色|黑色|黑色|红色
242,8.199,6,28|29|24|36|37|38,红色|黑色|黑色|黑色|红色|红色
243,8.232,6,28|29|24|36|37|38,红色|黑色|黑色|黑色|红色|红色
244,8.266,4,28|29|24|37,红色|黑色|黑色|红色
245,8.3,4,28|29|24|37,红色|黑色|黑色|红色
246,8.334,4,28|29|24|37,红色|黑色|黑色|红色
247,8.368,4,28|29|24|37,红色|黑色|黑色|红色
248,8.402,4,28|29|24|37,红色|黑色|黑色|红色
249,8.436,4,28|29|24|37,红色|黑色|黑色|红色
250,8.47,4,28|29|37|32,红色|黑色|红色|灰色
251,8.503,6,28|29|37|40|32|38,红色|黑色|红色|红色|灰色|红色
252,8.537,6,28|29|37|40|32|38,红色|黑色|红色|红色|灰色|红色
253,8.571,6,28|29|37|40|32|38,红色|黑色|红色|红色|灰色|红色
254,8.605,6,28|29|37|40|32|38,红色|黑色|红色|红色|灰色|红色
255,8.639,5,29|37|40|32|38,黑色|红色|红色|灰色|红色
256,8.673,5,29|37|40|32|38,黑色|红色|红色|灰色|红色
257,8.707,4,29|37|40|32,黑色|红色|红色|灰色
258,8.741,4,29|37|40|32,黑色|红色|红色|灰色
259,8.774,4,29|37|40|32,黑色|红色|红色|灰色
260,8.808,4,29|37|40|32,黑色|红色|红色|灰色
261,8.842,4,29|37|40|32,黑色|红色|红色|灰色
262,8.876,5,29|37|40|32|43,黑色|红色|红色|灰色|黑色
263,8.91,6,29|37|40|32|43|36,黑色|红色|红色|灰色|黑色|灰色
264,8.944,7,29|37|40|32|43|36|38,黑色|红色|红色|灰色|黑色|灰色|红色
265,8.978,7,29|37|40|32|43|36|38,黑色|红色|红色|灰色|黑色|灰色|红色
266,9.012,6,37|40|32|43|36|38,红色|红色|灰色|黑色|灰色|红色
267,9.046,6,37|40|32|43|36|38,红色|红色|灰色|黑色|灰色|红色
268,9.079,6,37|40|32|43|36|38,红色|红色|灰色|黑色|灰色|红色
269,9.113,6,37|40|32|43|36|38,红色|红色|灰色|黑色|灰色|红色
270,9.147,5,37|40|32|36|38,红色|红色|灰色|灰色|红色
271,9.181,4,37|40|32|36,红色|红色|灰色|灰色
272,9.215,4,37|40|32|36,红色|红色|灰色|灰色
273,9.249,4,37|40|32|36,红色|红色|灰色|灰色
274,9.283,4,37|40|32|36,红色|红色|灰色|灰色
275,9.317,5,37|40|32|36|44,红色|红色|灰色|灰色|黑色
276,9.35,7,37|40|32|36|44|45|46,红色|红色|灰色|灰色|黑色|红色|红色
277,9.384,8,37|40|32|36|44|45|46|38,红色|红色|灰色|灰色|黑色|红色|红色|红色
278,9.418,7,37|40|32|36|45|46|38,红色|红色|灰色|灰色|红色|红色|红色
279,9.452,7,37|40|32|36|45|46|38,红色|红色|灰色|灰色|红色|红色|红色
280,9.486,7,37|40|32|36|45|38|47,红色|红色|灰色|灰色|红色|红色|绿色
281,9.52,6,37|40|32|36|38|47,红色|红色|灰色|灰色|红色|绿色
282,9.554,5,37|40|32|36|38,红色|红色|灰色|灰色|红色
283,9.588,5,37|40|32|36|38,红色|红色|灰色|灰色|红色
284,9.621,6,37|40|32|36|38|44,红色|红色|灰色|灰色|红色|黑色
285,9.655,6,37|40|32|36|38|44,红色|红色|灰色|灰色|红色|黑色
286,9.689,6,37|40|32|36|38|44,红色|红色|灰色|灰色|红色|黑色
287,9.723,6,37|40|32|36|38|44,红色|红色|灰色|灰色|红色|黑色
288,9.757,7,37|40|32|36|38|44|47,红色|红色|灰色|灰色|红色|黑色|绿色
289,9.791,5,40|36|38|44|47,红色|灰色|红色|黑色|绿色
290,9.825,5,40|36|38|44|47,红色|灰色|红色|黑色|绿色
291,9.859,4,40|36|44|47,红色|灰色|黑色|绿色
292,9.892,4,40|36|44|47,红色|灰色|黑色|绿色
293,9.926,4,40|36|44|47,红色|黑色|黑色|绿色
294,9.96,4,40|36|44|47,红色|黑色|黑色|绿色
295,9.994,5,40|36|44|47|45,红色|黑色|黑色|绿色|红色
296,10.028,5,40|36|44|47|45,红色|黑色|黑色|绿色|红色
297,10.062,5,40|36|44|47|45,红色|黑色|黑色|绿色|红色
298,10.096,5,40|36|44|47|45,红色|黑色|黑色|绿色|红色
299,10.13,4,40|36|44|47,红色|黑色|黑色|绿色
300,10.163,5,40|36|44|47|37,红色|黑色|黑色|绿色|红色
301,10.197,6,40|36|44|47|49|37,红色|黑色|黑色|绿色|黑色|红色
302,10.231,6,40|36|44|47|49|37,红色|黑色|黑色|绿色|黑色|红色
303,10.265,5,40|36|47|49|37,红色|黑色|绿色|黑色|红色
304,10.299,5,40|36|47|49|37,红色|黑色|绿色|黑色|红色
305,10.333,6,40|36|47|49|37|45,红色|黑色|绿色|黑色|红色|红色
306,10.367,6,40|36|47|49|37|45,红色|黑色|绿色|黑色|红色|红色
307,10.401,5,40|36|49|37|45,红色|黑色|黑色|红色|红色
308,10.435,4,40|36|37|45,红色|黑色|红色|红色
309,10.468,4,40|36|37|45,红色|黑色|红色|红色
310,10.502,4,40|36|37|45,红色|黑色|红色|红色
311,10.536,5,40|36|37|45|50,红色|黑色|红色|红色|黑色
312,10.57,5,40|36|37|45|50,红色|黑色|红色|红色|黑色
313,10.604,5,40|36|37|45|50,红色|黑色|红色|红色|黑色
314,10.638,6,40|36|37|45|50|44,红色|黑色|红色|红色|黑色|黑色
315,10.672,5,40|36|37|45|50,红色|黑色|红色|红色|黑色
316,10.706,5,40|36|37|45|50,红色|黑色|红色|红色|黑色
317,10.739,6,40|37|45|50|49|44,红色|红色|红色|黑色|黑色|绿色
318,10.773,6,40|37|45|50|49|44,红色|红色|红色|黑色|黑色|绿色
319,10.807,6,40|37|45|50|49|44,红色|红色|红色|黑色|黑色|绿色
320,10.841,6,40|37|45|50|49|44,红色|红色|红色|黑色|黑色|绿色
321,10.875,5,40|37|50|49|44,红色|红色|黑色|黑色|绿色
322,10.909,4,37|50|49|44,红色|黑色|黑色|绿色
323,10.943,4,37|50|49|44,红色|黑色|黑色|绿色
324,10.977,4,37|50|49|44,红色|黑色|黑色|绿色
325,11.01,3,37|50|49,红色|黑色|黑色
326,11.044,3,37|50|49,红色|黑色|黑色
327,11.078,3,37|50|49,红色|黑色|黑色
328,11.112,3,37|50|52,红色|黑色|红色
329,11.146,3,37|50|52,红色|黑色|红色
330,11.18,3,37|50|52,红色|黑色|红色
331,11.214,3,37|50|52,红色|黑色|红色
332,11.248,4,37|50|52|53,红色|黑色|红色|黑色
333,11.281,4,37|50|52|53,红色|黑色|红色|黑色
334,11.315,5,37|50|52|54|49,红色|黑色|红色|绿色|黑色
335,11.349,5,37|50|52|54|49,红色|黑色|红色|绿色|黑色
336,11.383,6,37|50|52|54|49|55,红色|黑色|红色|绿色|黑色|红色
337,11.417,6,37|50|52|54|49|55,红色|黑色|红色|绿色|黑色|红色
338,11.451,5,37|50|52|49|55,红色|黑色|红色|黑色|红色
339,11.485,5,37|50|52|49|55,红色|黑色|红色|黑色|红色
340,11.519,5,37|50|52|49|55,红色|黑色|红色|黑色|红色
341,11.552,5,37|50|52|55|53,红色|黑色|红色|红色|黑色
342,11.586,5,37|50|52|55|53,红色|黑色|红色|红色|黑色
343,11.62,5,37|50|52|55|53,红色|黑色|红色|红色|黑色
344,11.654,4,37|50|52|55,红色|黑色|红色|红色
345,11.688,4,37|50|52|55,红色|黑色|红色|红色
346,11.722,4,37|50|52|55,红色|黑色|红色|红色
347,11.756,4,37|50|52|55,红色|黑色|红色|红色
348,11.79,3,50|52|55,黑色|红色|红色
349,11.824,3,50|52|55,黑色|红色|红色
350,11.857,3,50|52|55,黑色|红色|红色
351,11.891,3,50|52|55,黑色|红色|红色
352,11.925,3,50|52|55,黑色|红色|红色
353,11.959,3,50|52|55,黑色|红色|红色
354,11.993,3,50|52|55,黑色|红色|红色
355,12.027,3,50|52|55,黑色|红色|红色
356,12.061,4,50|52|55|56,黑色|红色|红色|红色
357,12.095,4,50|52|55|56,黑色|红色|红色|红色
358,12.128,2,52|55,红色|红色
359,12.162,2,52|55,红色|红色
360,12.196,2,52|55,红色|红色
361,12.23,3,52|55|57,红色|红色|红色
362,12.264,3,52|55|57,红色|红色|红色
363,12.298,3,52|55|57,红色|红色|红色
364,12.332,4,52|55|57|53,红色|红色|红色|绿色
365,12.366,3,52|57|53,红色|红色|绿色
366,12.399,6,52|57|53|59|56|55,红色|红色|绿色|红色|红色|红色
367,12.433,6,52|57|53|59|56|55,红色|红色|绿色|红色|红色|红色
